regNum,signDate,price,fz,regionCode,customer_name,customer_inn,customer_kpp,supplier_name,supplier_inn,supplier_kpp,OKEI_code,OKEI_name,product_name,OKPD/OKDP_code,OKPD/OKDP_name,product_sum,product_price,product_quantity,link
1222201315615000011,2015-03-17 00:00:00,5205211.5,44,22,"ФЕДЕРАЛЬНОЕ КАЗЕННОЕ УЧРЕЖДЕНИЕ ""ИСПРАВИТЕЛЬНАЯ КОЛОНИЯ № 3 УПРАВЛЕНИЯ ФЕДЕРАЛЬНОЙ СЛУЖБЫ ИСПОЛНЕНИЯ НАКАЗАНИЙ ПО АЛТАЙСКОМУ КРАЮ""",2222013156,222201001,"ОБЩЕСТВО С ОГРАНИЧЕННОЙ ОТВЕТСТВЕННОСТЬЮ ""АЛТАЙСКАЯ ЗЕРНОВАЯ КОМПАНИЯ""",2222830662,222201001,166,КГ,Пшеница 3 класса,01.11.12.141,Зерно яровой мягкой пшеницы,1077555.6,13.2,81633.0,http://clearspending.ru/contract/1222201315615000011
1222201315615000011,2015-03-17 00:00:00,5205211.5,44,22,"ФЕДЕРАЛЬНОЕ КАЗЕННОЕ УЧРЕЖДЕНИЕ ""ИСПРАВИТЕЛЬНАЯ КОЛОНИЯ № 3 УПРАВЛЕНИЯ ФЕДЕРАЛЬНОЙ СЛУЖБЫ ИСПОЛНЕНИЯ НАКАЗАНИЙ ПО АЛТАЙСКОМУ КРАЮ""",2222013156,222201001,"ОБЩЕСТВО С ОГРАНИЧЕННОЙ ОТВЕТСТВЕННОСТЬЮ ""АЛТАЙСКАЯ ЗЕРНОВАЯ КОМПАНИЯ""",2222830662,222201001,166,КГ,Пшеница 4 класса,01.11.12.141,Зерно яровой мягкой пшеницы,426300.9,12.7,33567.0,http://clearspending.ru/contract/1222201315615000011
1753200122315000020,2015-03-30 00:00:00,243520.0,44,75,"федеральное казенное учреждение ""Исправительная колония № 5 Управления Федеральной службы исполнения наказаний по Забайкальскому краю""",7532001223,753401001,ИП ГКФХ Петров Александр Николаевич,753610807779,,166,КГ,Пшеница,01.11.12.141,Зерно яровой мягкой пшеницы,77520.0,10.2,7600.0,http://clearspending.ru/contract/1753200122315000020
1672600750415000014,2015-03-30 00:00:00,1077020.0,44,67,"ФЕДЕРАЛЬНОЕ КАЗЕННОЕ УЧРЕЖДЕНИЕ ""ИСПРАВИТЕЛЬНАЯ КОЛОНИЯ № 2 УПРАВЛЕНИЯ ФЕДЕРАЛЬНОЙ СЛУЖБЫ ИСПОЛНЕНИЯ НАКАЗАНИЙ ПО СМОЛЕНСКОЙ ОБЛАСТИ""",6726007504,672601001,"ОБЩЕСТВО С ОГРАНИЧЕННОЙ ОТВЕТСТВЕННОСТЬЮ ""ВЕСТА""",6727024608,672701001,166,КГ,пшеница,01.11.12.141,Зерно яровой мягкой пшеницы,344400.0,12.0,28700.0,http://clearspending.ru/contract/1672600750415000014
1583401729715000011,2015-04-23 00:00:00,560000.0,44,58,"федеральное казенное учреждение ""Исправительная колония № 8 Управления Федеральной службы исполнения наказаний по Пензенской области""",5834017297,583401001,ИП ИП глава крестьянского (фермерского) хозяйства Долгов Александр Николаевич,580900961001,,166,КГ,Пшеница продовольственная,01.11.12.141,Зерно яровой мягкой пшеницы,560000.0,14.0,40000.0,http://clearspending.ru/contract/1583401729715000011
1583401729715000012,2015-04-23 00:00:00,656000.0,44,58,"федеральное казенное учреждение ""Исправительная колония № 8 Управления Федеральной службы исполнения наказаний по Пензенской области""",5834017297,583401001,ИП ИП глава крестьянского (фермерского) хозяйства Долгов Александр Николаевич,580900961001,,166,КГ,Пшеница фуражная,01.11.12.141,Зерно яровой мягкой пшеницы,208000.0,13.0,16000.0,http://clearspending.ru/contract/1583401729715000012
1561005988615000026,2015-04-14 00:00:00,2838000.0,44,56,"ФЕДЕРАЛЬНОЕ КАЗЕННОЕ УЧРЕЖДЕНИЕ ""ИСПРАВИТЕЛЬНАЯ КОЛОНИЯ № 8 УПРАВЛЕНИЯ ФЕДЕРАЛЬНОЙ СЛУЖБЫ ИСПОЛНЕНИЯ НАКАЗАНИЙ ПО ОРЕНБУРГСКОЙ ОБЛАСТИ""",5610059886,561001001,Общество с ограниченной ответственностью Эльба,5610134357,561001001,168,Т,Пшеница 3 класса продовольственная ГОСТ Р 52554-2006,01.11.12.141,Зерно яровой мягкой пшеницы,2838000.0,11825.0,240.0,http://clearspending.ru/contract/1561005988615000026
1543811065515000014,2015-03-12 00:00:00,2482000.0,44,54,"ФЕДЕРАЛЬНОЕ КАЗЕННОЕ УЧРЕЖДЕНИЕ ""ИСПРАВИТЕЛЬНАЯ КОЛОНИЯ № 14 ГЛАВНОГО УПРАВЛЕНИЯ ФЕДЕРАЛЬНОЙ СЛУЖБЫ ИСПОЛНЕНИЯ НАКАЗАНИЙ ПО НОВОСИБИРСКОЙ ОБЛАСТИ""",5438110655,543801001,"Общество с ограниченной ответственностью Строительная Компания ""Регион-54""",5406729298,540601001,168,Т,Зерно 5 класса ГОСТ Р 52554-2006 массовая доля влаги 14 %,01.11.12.141,Зерно яровой мягкой пшеницы,2482000.0,14600.0,170.0,http://clearspending.ru/contract/1543811065515000014
1583401729715000007,2015-03-23 00:00:00,112000.0,44,58,"федеральное казенное учреждение ""Исправительная колония № 8 Управления Федеральной службы исполнения наказаний по Пензенской области""",5834017297,583401001,ИП ИП глава крестьянского (фермерского) хозяйства Долгов Александр Николаевич,580900961001,,166,КГ,Пшеница продовольственная,01.11.12.141,Зерно яровой мягкой пшеницы,112000.0,14.0,8000.0,http://clearspending.ru/contract/1583401729715000007
1032310906915000016,2015-03-13 00:00:00,480000.0,44,03,"ФЕДЕРАЛЬНОЕ КАЗЕННОЕ УЧРЕЖДЕНИЕ ""ИСПРАВИТЕЛЬНАЯ КОЛОНИЯ № 2 УПРАВЛЕНИЯ ФЕДЕРАЛЬНОЙ СЛУЖБЫ ИСПОЛНЕНИЯ НАКАЗАНИЙ ПО РЕСПУБЛИКЕ БУРЯТИЯ""",0323109069,032301001,"""Победа""",0323359069,032301001,166,КГ,Пшеница мягкая продовольственная яровая краснозерная 3 класса,01.11.12.141,Зерно яровой мягкой пшеницы,480000.0,12.0,40000.0,http://clearspending.ru/contract/1032310906915000016
1032310906915000018,2015-03-30 00:00:00,480000.0,44,03,"ФЕДЕРАЛЬНОЕ КАЗЕННОЕ УЧРЕЖДЕНИЕ ""ИСПРАВИТЕЛЬНАЯ КОЛОНИЯ № 2 УПРАВЛЕНИЯ ФЕДЕРАЛЬНОЙ СЛУЖБЫ ИСПОЛНЕНИЯ НАКАЗАНИЙ ПО РЕСПУБЛИКЕ БУРЯТИЯ""",0323109069,032301001,"""Победа""",0323359069,032301001,166,КГ,Пшеница мягкая продовольственная яровая краснозерная 3 класса,01.11.12.141,Зерно яровой мягкой пшеницы,480000.0,12.0,40000.0,http://clearspending.ru/contract/1032310906915000018
1165102015015000036,2015-05-05 00:00:00,4546775.0,44,16,"федеральное казенное учреждение ""Исправительная колония № 4 Управления Федеральной службы исполнения наказаний по Республике Татарстан""",1651020150,165101001,ИП Сафиуллин Салим Гайнулхакович,163000077666,,166,КГ,пшеница 3 класса,01.11.12.141,Зерно яровой мягкой пшеницы,2547500.0,12.5,203800.0,http://clearspending.ru/contract/1165102015015000036
1564600006815000006,2015-02-27 00:00:00,1350000.0,44,56,"ФЕДЕРАЛЬНОЕ КАЗЕННОЕ УЧРЕЖДЕНИЕ ""ИСПРАВИТЕЛЬНАЯ КОЛОНИЯ № 6 УПРАВЛЕНИЯ ФЕДЕРАЛЬНОЙ СЛУЖБЫ ИСПОЛНЕНИЯ НАКАЗАНИЙ ПО ОРЕНБУРГСКОЙ ОБЛАСТИ""",5646000068,564601001,"Общество с ограниченной ответственностью  ""Эльба""",5610134357,561001001,166,КГ,пшеница 3 класса,01.11.12.141,Зерно яровой мягкой пшеницы,1350000.0,13.5,100000.0,http://clearspending.ru/contract/1564600006815000006
1552801021415000027,2015-04-17 00:00:00,8450000.0,44,55,"ФЕДЕРАЛЬНОЕ КАЗЕННОЕ УЧРЕЖДЕНИЕ ""КОЛОНИЯ-ПОСЕЛЕНИЕ № 13 УПРАВЛЕНИЯ ФЕДЕРАЛЬНОЙ СЛУЖБЫ ИСПОЛНЕНИЯ НАКАЗАНИЙ ПО ОМСКОЙ ОБЛАСТИ""",5528010214,550601001,ИП Индивидуальный Предприниматель Глава КФХ Кнаус Андрей Андреевич,552900023296,,166,КГ,Пшеница 3 класса,01.11.12.141,Зерно яровой мягкой пшеницы,8450000.0,13.0,650000.0,http://clearspending.ru/contract/1552801021415000027
1382800596615000010,2015-05-20 00:00:00,1717400.0,44,38,"ФЕДЕРАЛЬНОЕ КАЗЕННОЕ УЧРЕЖДЕНИЕ ""КОЛОНИЯ-ПОСЕЛЕНИЕ № 51 ГЛАВНОГО УПРАВЛЕНИЯ ФЕДЕРАЛЬНОЙ СЛУЖБЫ ИСПОЛНЕНИЯ НАКАЗАНИЙ ПО ИРКУТСКОЙ ОБЛАСТИ""",3828005966,382701001,"ОБЩЕСТВО С ОГРАНИЧЕННОЙ ОТВЕТСТВЕННОСТЬЮ ""АГРОБАЙКАЛ""",3849019448,384901001,168,Т,Пшеница фуражная,01.11.12.141,Зерно яровой мягкой пшеницы,558155.0,8587.0,65.0,http://clearspending.ru/contract/1382800596615000010
1543811065515000028,2015-04-28 00:00:00,186287.5,44,54,"федеральное казенное учреждение ""Исправительная колония № 14 Главного управления Федеральной службы исполнения наказаний по Новосибирской области""",5438110655,543801001,"Крестьянско-фермерское хозяйство ""Романтика""",5438101474,543801001,168,Т,"Зерно пшеницы ГОСТ Р 52554-2006, 3 класса",01.11.12.141,Зерно яровой мягкой пшеницы,186287.5,10645.0,17.5,http://clearspending.ru/contract/1543811065515000028
2100400357215000161,2015-05-20 00:00:00,8017.73,44,10,"ГОСУДАРСТВЕННОЕ БЮДЖЕТНОЕ УЧРЕЖДЕНИЕ ЗДРАВООХРАНЕНИЯ РЕСПУБЛИКИ КАРЕЛИЯ  "" МЕЖРАЙОННАЯ БОЛЬНИЦА № 1""",1004003572,100401001,"ОБЩЕСТВО С ОГРАНИЧЕННОЙ ОТВЕТСТВЕННОСТЬЮ ""ОПТОВИК""",1004016412,100401001,166,КГ,Крупа пшеничная,01.11.12.141,Зерно яровой мягкой пшеницы,552.52,29.08,19.0,http://clearspending.ru/contract/2100400357215000161
1583401474715000033,2015-04-10 00:00:00,2730000.0,44,58,"федеральное казенное учреждение ""Исправительная колония № 4 Управления Федеральной службы исполнения наказаний по Пензенской области""",5834014747,583401001,ИП Глава КФХ  Долгов Александр Николаевич,580900961001,,166,КГ,Пшеница фуражная,01.11.12.141,Зерно яровой мягкой пшеницы,390000.0,13.0,30000.0,http://clearspending.ru/contract/1583401474715000033
1244000460215000005,2015-02-12 00:00:00,225500.0,44,24,"федеральное казенное учреждение ""Исправительная колония № 16 Главного управления Федеральной службы исполнения наказаний по Красноярскому краю""",2440004602,244001001,"ФЕДЕРАЛЬНОЕ КАЗЕННОЕ УЧРЕЖДЕНИЕ ""ИСПРАВИТЕЛЬНАЯ КОЛОНИЯ № 27 ГЛАВНОГО УПРАВЛЕНИЯ ФЕДЕРАЛЬНОЙ СЛУЖБЫ ИСПОЛНЕНИЯ НАКАЗАНИЙ ПО КРАСНОЯРСКОМУ КРАЮ""",2465056000,246501001,166,КГ,мука ржаная хлебопекарная,01.11.12.141,Зерно яровой мягкой пшеницы,225500.0,225500.0,1.0,http://clearspending.ru/contract/1244000460215000005
1380105187715000026,2015-03-13 00:00:00,468720.0,44,38,"ФЕДЕРАЛЬНОЕ КАЗЕННОЕ УЧРЕЖДЕНИЕ ""ИСПРАВИТЕЛЬНАЯ КОЛОНИЯ № 15 ГЛАВНОГО УПРАВЛЕНИЯ ФЕДЕРАЛЬНОЙ СЛУЖБЫ ИСПОЛНЕНИЯ НАКАЗАНИЙ ПО ИРКУТСКОЙ ОБЛАСТИ""",3801051877,380101001,ИП Мункоев Валерий Матвеевич,850100020607,,166,КГ,зерно пшеницы,01.11.12.141,Зерно яровой мягкой пшеницы,468720.0,7.2,65100.0,http://clearspending.ru/contract/1380105187715000026
1543811065515000026,2015-04-23 00:00:00,525000.0,44,54,"федеральное казенное учреждение ""Исправительная колония № 14 Главного управления Федеральной службы исполнения наказаний по Новосибирской области""",5438110655,543801001,"Крестьянско-фермерское хозяйство ""Романтика""",5438101474,543801001,168,Т,"Зерно 5 класса, ГОСТ Р 52554-2006, массовая доля влаги 14 %",01.11.12.141,Зерно яровой мягкой пшеницы,525000.0,10500.0,50.0,http://clearspending.ru/contract/1543811065515000026
1543811065515000027,2015-04-23 00:00:00,525000.0,44,54,"федеральное казенное учреждение ""Исправительная колония № 14 Главного управления Федеральной службы исполнения наказаний по Новосибирской области""",5438110655,543801001,ИП Глава КФХ Мецгер Александр Андреевич,543808501066,,168,Т,"Зерно пшеницы ГОСТ Р 52554-2006, 5 класса",01.11.12.141,Зерно яровой мягкой пшеницы,525000.0,10500.0,50.0,http://clearspending.ru/contract/1543811065515000027
1222201315615000028,2015-04-16 00:00:00,2730000.0,44,22,"ФЕДЕРАЛЬНОЕ КАЗЕННОЕ УЧРЕЖДЕНИЕ ""ИСПРАВИТЕЛЬНАЯ КОЛОНИЯ № 3 УПРАВЛЕНИЯ ФЕДЕРАЛЬНОЙ СЛУЖБЫ ИСПОЛНЕНИЯ НАКАЗАНИЙ ПО АЛТАЙСКОМУ КРАЮ""",2222013156,222201001,"ОБЩЕСТВО С ОГРАНИЧЕННОЙ ОТВЕТСТВЕННОСТЬЮ ""ЗОЛОТАЯ НИВА АЛТАЯ""",2221214565,222101001,166,КГ,пшеница 3 класса,01.11.12.141,Зерно яровой мягкой пшеницы,2730000.0,13.65,200000.0,http://clearspending.ru/contract/1222201315615000028
1222201315615000027,2015-04-16 00:00:00,2796150.3,44,22,"ФЕДЕРАЛЬНОЕ КАЗЕННОЕ УЧРЕЖДЕНИЕ ""ИСПРАВИТЕЛЬНАЯ КОЛОНИЯ № 3 УПРАВЛЕНИЯ ФЕДЕРАЛЬНОЙ СЛУЖБЫ ИСПОЛНЕНИЯ НАКАЗАНИЙ ПО АЛТАЙСКОМУ КРАЮ""",2222013156,222201001,"ОБЩЕСТВО С ОГРАНИЧЕННОЙ ОТВЕТСТВЕННОСТЬЮ ""ЗОЛОТАЯ НИВА АЛТАЯ""",2221214565,222101001,166,КГ,пшеница 3 класса,01.11.12.141,Зерно яровой мягкой пшеницы,1771008.0,12.0,147584.0,http://clearspending.ru/contract/1222201315615000027
1222201315615000021,2015-04-06 00:00:00,525951.0,44,22,"ФЕДЕРАЛЬНОЕ КАЗЕННОЕ УЧРЕЖДЕНИЕ ""ИСПРАВИТЕЛЬНАЯ КОЛОНИЯ № 3 УПРАВЛЕНИЯ ФЕДЕРАЛЬНОЙ СЛУЖБЫ ИСПОЛНЕНИЯ НАКАЗАНИЙ ПО АЛТАЙСКОМУ КРАЮ""",2222013156,222201001,"ОБЩЕСТВО С ОГРАНИЧЕННОЙ ОТВЕТСТВЕННОСТЬЮ ""АЛТАЙСКАЯ ЗЕРНОВАЯ КОМПАНИЯ""",2222830662,222201001,166,КГ,Пшеница 5 класса,01.11.12.141,Зерно яровой мягкой пшеницы,36000.0,12.0,3000.0,http://clearspending.ru/contract/1222201315615000021
1210100346715000025,2015-05-25 00:00:00,1610000.0,44,21,"ФЕДЕРАЛЬНОЕ КАЗЕННОЕ УЧРЕЖДЕНИЕ ""КОЛОНИЯ-ПОСЕЛЕНИЕ № 8 УПРАВЛЕНИЯ ФЕДЕРАЛЬНОЙ СЛУЖБЫ ИСПОЛНЕНИЯ НАКАЗАНИЙ ПО ЧУВАШСКОЙ РЕСПУБЛИКЕ - ЧУВАШИИ""",2101003467,210101001,"ОБЩЕСТВО С ОГРАНИЧЕННОЙ ОТВЕТСТВЕННОСТЬЮ ""РОССЫ - ПОРЕЧЬЕ""",2113003782,211301001,166,КГ,пшеница продовольственная,01.11.12.141,Зерно яровой мягкой пшеницы,1610000.0,11.5,140000.0,http://clearspending.ru/contract/1210100346715000025
1235603754315000018,2015-04-24 00:00:00,1095503.4,44,23,"федеральное казенное учреждение ""Исправительная колония № 2 Управления Федеральной службы исполнения наказаний по Краснодарскому краю""",2356037543,235601001,"ОБЩЕСТВО С ОГРАНИЧЕННОЙ ОТВЕТСТВЕННОСТЬЮ ""КУБАНЬАГРОБИЗНЕС ТРЭЙД""",2308163900,230801001,166,КГ,Пшеница 3-4 класса мягкая ГОСТ Р 52554-2006,01.11.12.141,Зерно яровой мягкой пшеницы,226729.4,10.58,21430.0,http://clearspending.ru/contract/1235603754315000018
1561300055215000006,2015-03-11 00:00:00,592500.0,44,56,"ФЕДЕРАЛЬНОЕ КАЗЕННОЕ УЧРЕЖДЕНИЕ ""СЛЕДСТВЕННЫЙ ИЗОЛЯТОР № 2 УПРАВЛЕНИЯ ФЕДЕРАЛЬНОЙ СЛУЖБЫ ИСПОЛНЕНИЯ НАКАЗАНИЙ ПО ОРЕНБУРГСКОЙ ОБЛАСТИ""",5613000552,561601001,"ОБЩЕСТВО С ОГРАНИЧЕННОЙ ОТВЕТСТВЕННОСТЬЮ ""НУРЖАН""",5632020152,563201001,166,КГ,пшеница 3 класса,01.11.12.141,Зерно яровой мягкой пшеницы,592500.0,11.85,50000.0,http://clearspending.ru/contract/1561300055215000006
1560701300015000021,2015-03-16 00:00:00,1860200.0,44,56,"ФЕДЕРАЛЬНОЕ КАЗЕННОЕ УЧРЕЖДЕНИЕ ""ИСПРАВИТЕЛЬНАЯ КОЛОНИЯ № 3 УПРАВЛЕНИЯ ФЕДЕРАЛЬНОЙ СЛУЖБЫ ИСПОЛНЕНИЯ НАКАЗАНИЙ ПО ОРЕНБУРГСКОЙ ОБЛАСТИ""",5607013000,560701001,"Общество с ограниченной ответственностью ""Эльба""",5610134357,561001001,168,Т,Пшеница мягких сортов 3 класса,01.11.12.141,Зерно яровой мягкой пшеницы,1500200.0,15002.0,100.0,http://clearspending.ru/contract/1560701300015000021
1753200122315000027,2015-04-27 00:00:00,765500.0,44,75,"федеральное казенное учреждение ""Исправительная колония № 5 Управления Федеральной службы исполнения наказаний по Забайкальскому краю""",7532001223,753401001,Индивидуальный предприниматель ГКФХ Петров Александр Николаевич,753610807779,,166,КГ,"Пшеница, соответствие ГОСТ 52554-2006",01.11.12.141,Зерно яровой мягкой пшеницы,204000.0,10.2,20000.0,http://clearspending.ru/contract/1753200122315000027
1032310906915000027,2015-04-20 00:00:00,3200000.0,44,03,"ФЕДЕРАЛЬНОЕ КАЗЕННОЕ УЧРЕЖДЕНИЕ ""ИСПРАВИТЕЛЬНАЯ КОЛОНИЯ № 2 УПРАВЛЕНИЯ ФЕДЕРАЛЬНОЙ СЛУЖБЫ ИСПОЛНЕНИЯ НАКАЗАНИЙ ПО РЕСПУБЛИКЕ БУРЯТИЯ""",0323109069,032301001,'Колхоз Искра',0314000467,031401001,166,КГ,Пшеница мягкая продовольственная яровая краснозерная 3 класса,01.11.12.141,Зерно яровой мягкой пшеницы,3200000.0,16.0,200000.0,http://clearspending.ru/contract/1032310906915000027
1382800596615000005,2015-04-07 00:00:00,783870.0,44,38,"ФЕДЕРАЛЬНОЕ КАЗЕННОЕ УЧРЕЖДЕНИЕ ""КОЛОНИЯ-ПОСЕЛЕНИЕ № 51 ГЛАВНОГО УПРАВЛЕНИЯ ФЕДЕРАЛЬНОЙ СЛУЖБЫ ИСПОЛНЕНИЯ НАКАЗАНИЙ ПО ИРКУТСКОЙ ОБЛАСТИ""",3828005966,382701001,"федеральное казенное учреждение ""Исправительная колония № 4 Главного управления Федеральной службы исполнения наказаний по Иркутской области""",3827000524,382701001,796,ШТ,Зерно яровой пшеницы,01.11.12.141,Зерно яровой мягкой пшеницы,192800.0,9.64,20000.0,http://clearspending.ru/contract/1382800596615000005
1560903117015000013,2015-03-30 00:00:00,2697002.88,44,56,"ФЕДЕРАЛЬНОЕ КАЗЕННОЕ УЧРЕЖДЕНИЕ ""ИСПРАВИТЕЛЬНАЯ КОЛОНИЯ №4 УПРАВЛЕНИЯ ФЕДЕРАЛЬНОЙ СЛУЖБЫ ИСПОЛНЕНИЯ НАКАЗАНИЙ ПО ОРЕНБУРГСКОЙ ОБЛАСТИ""",5609031170,560901001,Общество с ограниченной ответственностью Эльба,5610134357,561001001,168,Т,Пшеница мягких сортов,01.11.12.141,Зерно яровой мягкой пшеницы,2697002.88,11828.96,228.0,http://clearspending.ru/contract/1560903117015000013
1560701301715000037,2015-03-30 00:00:00,720183.0,44,56,"ФЕДЕРАЛЬНОЕ КАЗЕННОЕ УЧРЕЖДЕНИЕ ""ИСПРАВИТЕЛЬНАЯ КОЛОНИЯ № 5 УПРАВЛЕНИЯ ФЕДЕРАЛЬНОЙ СЛУЖБЫ ИСПОЛНЕНИЯ НАКАЗАНИЙ ПО ОРЕНБУРГСКОЙ ОБЛАСТИ""",5607013017,560701001,"Общество с ограниченной ответственностью ""Оренбургская мельничная компания""",5614025285,561401001,168,Т,Пшеница продовольственная 3 класса мягких сортов,01.11.12.141,Зерно яровой мягкой пшеницы,720183.0,12003.05,60.0,http://clearspending.ru/contract/1560701301715000037
1380105187715000099,2015-05-28 00:00:00,4500000.0,44,38,"ФЕДЕРАЛЬНОЕ КАЗЕННОЕ УЧРЕЖДЕНИЕ ""ИСПРАВИТЕЛЬНАЯ КОЛОНИЯ № 15 ГЛАВНОГО УПРАВЛЕНИЯ ФЕДЕРАЛЬНОЙ СЛУЖБЫ ИСПОЛНЕНИЯ НАКАЗАНИЙ ПО ИРКУТСКОЙ ОБЛАСТИ""",3801051877,380101001,"СЕЛЬСКОХОЗЯЙСТВЕННЫЙ КООПЕРАТИВ ""НИВА""",8503004038,850301001,166,КГ,зерно пшеницы,01.11.12.141,Зерно яровой мягкой пшеницы,4500000.0,12.0,375000.0,http://clearspending.ru/contract/1380105187715000099
1380105187715000060,2015-04-14 00:00:00,3600000.0,44,38,"ФЕДЕРАЛЬНОЕ КАЗЕННОЕ УЧРЕЖДЕНИЕ ""ИСПРАВИТЕЛЬНАЯ КОЛОНИЯ № 15 ГЛАВНОГО УПРАВЛЕНИЯ ФЕДЕРАЛЬНОЙ СЛУЖБЫ ИСПОЛНЕНИЯ НАКАЗАНИЙ ПО ИРКУТСКОЙ ОБЛАСТИ""",3801051877,380101001,"СЕЛЬСКОХОЗЯЙСТВЕННЫЙ КООПЕРАТИВ ""НИВА""",8503004038,850301001,166,КГ,зерно пшеницы,01.11.12.141,Зерно яровой мягкой пшеницы,3600000.0,12.0,300000.0,http://clearspending.ru/contract/1380105187715000060
1564600006815000066,2015-05-20 00:00:00,1770979.5,44,56,"ФЕДЕРАЛЬНОЕ КАЗЕННОЕ УЧРЕЖДЕНИЕ ""ИСПРАВИТЕЛЬНАЯ КОЛОНИЯ № 6 УПРАВЛЕНИЯ ФЕДЕРАЛЬНОЙ СЛУЖБЫ ИСПОЛНЕНИЯ НАКАЗАНИЙ ПО ОРЕНБУРГСКОЙ ОБЛАСТИ""",5646000068,564601001,"ОБЩЕСТВО С ОГРАНИЧЕННОЙ ОТВЕТСТВЕННОСТЬЮ ТОРГОВЫЙ ДОМ ""ММР""",5609092712,560901001,168,Т,пшеница продовольственная,01.11.12.141,Зерно яровой мягкой пшеницы,1770979.5,11806.53,150.0,http://clearspending.ru/contract/1564600006815000066
1540601118615000055,2015-04-09 00:00:00,117400.0,44,54,"ГОСУДАРСТВЕННОЕ БЮДЖЕТНОЕ ОБРАЗОВАТЕЛЬНОЕ УЧРЕЖДЕНИЕ ВЫСШЕГО ПРОФЕССИОНАЛЬНОГО ОБРАЗОВАНИЯ ""НОВОСИБИРСКИЙ ГОСУДАРСТВЕННЫЙ МЕДИЦИНСКИЙ УНИВЕРСИТЕТ"" МИНИСТЕРСТВА ЗДРАВООХРАНЕНИЯ РОССИЙСКОЙ ФЕДЕРАЦИИ",5406011186,540601001,Закрытое акционерное общество «БиоПро»,5406509581,543301001,166,КГ,Пшеница (зерно) Производство: Россия,01.11.12.141,Зерно яровой мягкой пшеницы,19000.0,19.0,1000.0,http://clearspending.ru/contract/1540601118615000055
1700200833615000012,2015-04-27 00:00:00,678585.7,44,70,"ФЕДЕРАЛЬНОЕ КАЗЕННОЕ УЧРЕЖДЕНИЕ ""ИСПРАВИТЕЛЬНАЯ КОЛОНИЯ № 2 УПРАВЛЕНИЯ ФЕДЕРАЛЬНОЙ СЛУЖБЫ ИСПОЛНЕНИЯ НАКАЗАНИЙ ПО ТОМСКОЙ ОБЛАСТИ""",7002008336,700201001,ИП НЕУМЕРЖИЦКИЙ АНАТОЛИЙ НИКОЛАЕВИЧ - глава КФХ,700200095672,,166,КГ,Пшеница фуражная,01.11.12.141,Зерно яровой мягкой пшеницы,200000.0,10.0,20000.0,http://clearspending.ru/contract/1700200833615000012
1220902109115000034,2015-05-27 00:00:00,2374732.67,44,22,"ФЕДЕРАЛЬНОЕ КАЗЕННОЕ УЧРЕЖДЕНИЕ ""ИСПРАВИТЕЛЬНАЯ КОЛОНИЯ № 5 УПРАВЛЕНИЯ ФЕДЕРАЛЬНОЙ СЛУЖБЫ ИСПОЛНЕНИЯ НАКАЗАНИЙ ПО АЛТАЙСКОМУ КРАЮ""",2209021091,220901001,"ОБЩЕСТВО С ОГРАНИЧЕННОЙ ОТВЕТСТВЕННОСТЬЮ ""АРБАТ""",2209027199,220901001,168,Т,Пшеница продовольственная яровая,01.11.12.141,Зерно яровой мягкой пшеницы,2362858.34,11873.66,199.0,http://clearspending.ru/contract/1220902109115000034
1220902109115000034,2015-05-27 00:00:00,2374732.67,44,22,"ФЕДЕРАЛЬНОЕ КАЗЕННОЕ УЧРЕЖДЕНИЕ ""ИСПРАВИТЕЛЬНАЯ КОЛОНИЯ № 5 УПРАВЛЕНИЯ ФЕДЕРАЛЬНОЙ СЛУЖБЫ ИСПОЛНЕНИЯ НАКАЗАНИЙ ПО АЛТАЙСКОМУ КРАЮ""",2209021091,220901001,"ОБЩЕСТВО С ОГРАНИЧЕННОЙ ОТВЕТСТВЕННОСТЬЮ ""АРБАТ""",2209027199,220901001,796,ШТ,Пшеница продовольственная яровая,01.11.12.141,Зерно яровой мягкой пшеницы,11874.33,11874.33,1.0,http://clearspending.ru/contract/1220902109115000034
1220902109115000033,2015-05-27 00:00:00,1187366.33,44,22,"ФЕДЕРАЛЬНОЕ КАЗЕННОЕ УЧРЕЖДЕНИЕ ""ИСПРАВИТЕЛЬНАЯ КОЛОНИЯ № 5 УПРАВЛЕНИЯ ФЕДЕРАЛЬНОЙ СЛУЖБЫ ИСПОЛНЕНИЯ НАКАЗАНИЙ ПО АЛТАЙСКОМУ КРАЮ""",2209021091,220901001,"ОБЩЕСТВО С ОГРАНИЧЕННОЙ ОТВЕТСТВЕННОСТЬЮ ""ЗОЛОТАЯ НИВА АЛТАЯ""",2221214565,222101001,168,Т,Пшеница продовольственная яровая,01.11.12.141,Зерно яровой мягкой пшеницы,1175492.34,11873.66,99.0,http://clearspending.ru/contract/1220902109115000033
1220902109115000033,2015-05-27 00:00:00,1187366.33,44,22,"ФЕДЕРАЛЬНОЕ КАЗЕННОЕ УЧРЕЖДЕНИЕ ""ИСПРАВИТЕЛЬНАЯ КОЛОНИЯ № 5 УПРАВЛЕНИЯ ФЕДЕРАЛЬНОЙ СЛУЖБЫ ИСПОЛНЕНИЯ НАКАЗАНИЙ ПО АЛТАЙСКОМУ КРАЮ""",2209021091,220901001,"ОБЩЕСТВО С ОГРАНИЧЕННОЙ ОТВЕТСТВЕННОСТЬЮ ""ЗОЛОТАЯ НИВА АЛТАЯ""",2221214565,222101001,796,ШТ,Пшеница продовольственная яровая,01.11.12.141,Зерно яровой мягкой пшеницы,11873.99,11873.99,1.0,http://clearspending.ru/contract/1220902109115000033
1362701379815000034,2015-05-28 00:00:00,2464000.0,44,36,"ФЕДЕРАЛЬНОЕ КАЗЕННОЕ УЧРЕЖДЕНИЕ ""ИСПРАВИТЕЛЬНАЯ КОЛОНИЯ №8 УПРАВЛЕНИЯ ФЕДЕРАЛЬНОЙ СЛУЖБЫ ИСПОЛНЕНИЯ НАКАЗАНИЙ ПО ВОРОНЕЖСКОЙ ОБЛАСТИ""",3627013798,362701001,ИП Кравцов Константин Геннадьевич,362700131915,,168,Т,Пшеница продовольственная 3 класс,01.11.12.141,Зерно яровой мягкой пшеницы,2464000.0,11200.0,220.0,http://clearspending.ru/contract/1362701379815000034
1712801276415000021,2015-06-16 00:00:00,340550.0,44,71,"федеральное казенное учреждение ""Колония-поселение № 8 Управления Федеральной службы исполнения наказаний по Тульской области""",7128012764,712801001,"ОБЩЕСТВО С ОГРАНИЧЕННОЙ ОТВЕТСТВЕННОСТЬЮ ""ПАРТНЁР""",7130506136,713001001,166,КГ,Пшеница фуражная,01.11.12.141,Зерно яровой мягкой пшеницы,340550.0,9.73,35000.0,http://clearspending.ru/contract/1712801276415000021
1543910062815000006,2015-05-19 00:00:00,1725000.0,44,54,"федеральное казенное учреждение ""Исправительная колония № 13 Главного управления Федеральной службы исполнения наказаний по Новосибирской области""",5439100628,543901001,ИП глава крестьянского фермерского хозяйства Грибков Сергей Павлович,542305042985,,166,КГ,Пшеница 3 класса ГОСТ Р 52554-2006,01.11.12.141,Зерно яровой мягкой пшеницы,1725000.0,11.5,150000.0,http://clearspending.ru/contract/1543910062815000006
1753200122315000040,2015-06-01 00:00:00,300000.0,44,75,"федеральное казенное учреждение ""Исправительная колония № 5 Управления Федеральной службы исполнения наказаний по Забайкальскому краю""",7532001223,753401001,"Общество с ограниченной ответственностью ""Аграрные технологии""",7536120278,753601001,166,КГ,"Пшеница. Соответствующая требованиям ГОСТ 54078-2010 для производства комбикорма. Поставляемая пшеница  должна быть в здоровом, не греющемся состоянии, иметь свойственный здоровому зерну  запах (без затхлого, солодового, плесневого, постороннего запахов), с нормальным, свойственным здоровому зерну данного типа цветом, где преобладают желтые и желтобокие зерна, влажность не более 19%. Сорная примесь не более 5%. Зараженность вредителями не допускается.",01.11.12.141,Зерно яровой мягкой пшеницы,300000.0,10.0,30000.0,http://clearspending.ru/contract/1753200122315000040
1550404594815000173,2015-06-22 00:00:00,291200.0,44,55,"ФЕДЕРАЛЬНОЕ КАЗЕННОЕ УЧРЕЖДЕНИЕ ""ИСПРАВИТЕЛЬНАЯ КОЛОНИЯ № 6 УПРАВЛЕНИЯ ФЕДЕРАЛЬНОЙ СЛУЖБЫ ИСПОЛНЕНИЯ НАКАЗАНИЙ ПО ОМСКОЙ ОБЛАСТИ""",5504045948,550401001,ОБЩЕСТВО С ОГРАНИЧЕННОЙ ОТВЕТСТВЕННОСТЬЮ  «СЕЛЬХОЗПРОМ»,5507086445,550701001,168,Т,пшеница фуражная,01.11.12.141,Зерно яровой мягкой пшеницы,291200.0,9100.0,32.0,http://clearspending.ru/contract/1550404594815000173
1380105187715000105,2015-06-08 00:00:00,96000.0,44,38,"ФЕДЕРАЛЬНОЕ КАЗЕННОЕ УЧРЕЖДЕНИЕ ""ИСПРАВИТЕЛЬНАЯ КОЛОНИЯ № 15 ГЛАВНОГО УПРАВЛЕНИЯ ФЕДЕРАЛЬНОЙ СЛУЖБЫ ИСПОЛНЕНИЯ НАКАЗАНИЙ ПО ИРКУТСКОЙ ОБЛАСТИ""",3801051877,380101001,"СЕЛЬСКОХОЗЯЙСТВЕННЫЙ КООПЕРАТИВ ""НИВА""",8503004038,850301001,166,КГ,зерно пшеницы,01.11.12.141,Зерно яровой мягкой пшеницы,96000.0,12.0,8000.0,http://clearspending.ru/contract/1380105187715000105
1312600775415000028,2015-06-19 00:00:00,16000.0,44,31,"ФЕДЕРАЛЬНОЕ КАЗЕННОЕ УЧРЕЖДЕНИЕ ""ИСПРАВИТЕЛЬНАЯ КОЛОНИЯ № 6 УПРАВЛЕНИЯ ФЕДЕРАЛЬНОЙ СЛУЖБЫ ИСПОЛНЕНИЯ НАКАЗАНИЙ ПО БЕЛГОРОДСКОЙ ОБЛАСТИ""",3126007754,312601001,ИП Гладун Александр Иванович,312600004904,,166,КГ,пшеница для корма птицы,01.11.12.141,Зерно яровой мягкой пшеницы,16000.0,8.0,2000.0,http://clearspending.ru/contract/1312600775415000028
1380105187715000100,2015-05-29 00:00:00,1860000.0,44,38,"ФЕДЕРАЛЬНОЕ КАЗЕННОЕ УЧРЕЖДЕНИЕ ""ИСПРАВИТЕЛЬНАЯ КОЛОНИЯ № 15 ГЛАВНОГО УПРАВЛЕНИЯ ФЕДЕРАЛЬНОЙ СЛУЖБЫ ИСПОЛНЕНИЯ НАКАЗАНИЙ ПО ИРКУТСКОЙ ОБЛАСТИ""",3801051877,380101001,"СЕЛЬСКОХОЗЯЙСТВЕННЫЙ КООПЕРАТИВ ""НИВА""",8503004038,850301001,166,КГ,зерно пшеницы,01.11.12.141,Зерно яровой мягкой пшеницы,1860000.0,12.0,155000.0,http://clearspending.ru/contract/1380105187715000100
1235603754315000044,2015-06-16 00:00:00,1798600.0,44,23,"федеральное казенное учреждение ""Исправительная колония № 2 Управления Федеральной службы исполнения наказаний по Краснодарскому краю""",2356037543,235601001,"ОБЩЕСТВО С ОГРАНИЧЕННОЙ ОТВЕТСТВЕННОСТЬЮ ТОРГОВАЯ ПРОИЗВОДСТВЕННАЯ КОМПАНИЯ ""НИКА""",2312159054,231201001,166,КГ,Пшеница 3-4 класса мягкая,01.11.12.141,Зерно яровой мягкой пшеницы,1798600.0,10.58,170000.0,http://clearspending.ru/contract/1235603754315000044
1380105187715000135,2015-07-07 00:00:00,492807.0,44,38,"ФЕДЕРАЛЬНОЕ КАЗЕННОЕ УЧРЕЖДЕНИЕ ""ИСПРАВИТЕЛЬНАЯ КОЛОНИЯ № 15 ГЛАВНОГО УПРАВЛЕНИЯ ФЕДЕРАЛЬНОЙ СЛУЖБЫ ИСПОЛНЕНИЯ НАКАЗАНИЙ ПО ИРКУТСКОЙ ОБЛАСТИ""",3801051877,380101001,ИП Мункоев Валерий Матвеевич,850100020607,,166,КГ,зерно пшеницы,01.11.12.141,Зерно яровой мягкой пшеницы,492807.0,7.57,65100.0,http://clearspending.ru/contract/1380105187715000135
1560502050915000023,2015-07-23 00:00:00,205800.0,44,56,"ФЕДЕРАЛЬНОЕ КАЗЕННОЕ УЧРЕЖДЕНИЕ ""КОЛОНИЯ-ПОСЕЛЕНИЕ № 15  УПРАВЛЕНИЯ ФЕДЕРАЛЬНОЙ СЛУЖБЫ ИСПОЛНЕНИЯ НАКАЗАНИЙ ПО ОРЕНБУРГСКОЙ ОБЛАСТИ""",5605020509,563201001,"Общество с ограниченной ответственностью ""МакКом""",5606005045,560601001,168,Т,Поставка пшеницы продовольственной 3 класса мягких сортов,01.11.12.141,Зерно яровой мягкой пшеницы,205800.0,14700.0,14.0,http://clearspending.ru/contract/1560502050915000023
3270480083215000006,2015-07-09 00:00:00,3269.76,44,27,МУНИЦИПАЛЬНОЕ БЮДЖЕТНОЕ УЧРЕЖДЕНИЕ ОБЩЕОБРАЗОВАТЕЛЬНАЯ ОРГАНИЗАЦИЯ СРЕДНЯЯ ОБЩЕОБРАЗОВАТЕЛЬНАЯ ШКОЛА № 5 Г.СОВЕТСКАЯ ГАВАНЬ,2704800832,270401001,Индивидуальный предприниматель Мезенцева Марина Владимировна,2704126527,240401001,166,КГ,Пшено,01.11.12.141,Зерно яровой мягкой пшеницы,33.0,33.0,,http://clearspending.ru/contract/3270480083215000006
1594600039715000035,2015-07-17 00:00:00,2900000.0,44,59,"ФЕДЕРАЛЬНОЕ КАЗЕННОЕ УЧРЕЖДЕНИЕ ""КОЛОНИЯ-ПОСЕЛЕНИЕ № 39 ГЛАВНОГО УПРАВЛЕНИЯ ФЕДЕРАЛЬНОЙ СЛУЖБЫ ИСПОЛНЕНИЯ НАКАЗАНИЙ ПО ПЕРМСКОМУ КРАЮ""",5946000397,594701001,Общество с ограниченной ответственностью Мясной удар,1831122433,592001001,168,Т,пшеница продовольственная 3 класс,01.11.12.141,Зерно яровой мягкой пшеницы,2900000.0,12500.0,232.0,http://clearspending.ru/contract/1594600039715000035
1594600039715000037,2015-07-24 00:00:00,2871000.0,44,59,"ФЕДЕРАЛЬНОЕ КАЗЕННОЕ УЧРЕЖДЕНИЕ ""КОЛОНИЯ-ПОСЕЛЕНИЕ № 39 ГЛАВНОГО УПРАВЛЕНИЯ ФЕДЕРАЛЬНОЙ СЛУЖБЫ ИСПОЛНЕНИЯ НАКАЗАНИЙ ПО ПЕРМСКОМУ КРАЮ""",5946000397,594701001,ООО Мясной удар,1831122433,592001001,168,Т,Пшеница продовольственная 3 класс,01.11.12.141,Зерно яровой мягкой пшеницы,2871000.0,232.0,12375.0,http://clearspending.ru/contract/1594600039715000037
1560701301715000097,2015-07-09 00:00:00,1002024.0,44,56,"ФЕДЕРАЛЬНОЕ КАЗЕННОЕ УЧРЕЖДЕНИЕ ""ИСПРАВИТЕЛЬНАЯ КОЛОНИЯ № 5 УПРАВЛЕНИЯ ФЕДЕРАЛЬНОЙ СЛУЖБЫ ИСПОЛНЕНИЯ НАКАЗАНИЙ ПО ОРЕНБУРГСКОЙ ОБЛАСТИ""",5607013017,560701001,Общество с ограниченной ответственностью Эльба,5610134357,561001001,168,Т,пшеница продовольственная 3 класса мягких сортов,01.11.12.141,Зерно яровой мягкой пшеницы,1002024.0,12525.3,80.0,http://clearspending.ru/contract/1560701301715000097
1560701300015000090,2015-07-13 00:00:00,929518.5,44,56,"ФЕДЕРАЛЬНОЕ КАЗЕННОЕ УЧРЕЖДЕНИЕ ""ИСПРАВИТЕЛЬНАЯ КОЛОНИЯ № 3 УПРАВЛЕНИЯ ФЕДЕРАЛЬНОЙ СЛУЖБЫ ИСПОЛНЕНИЯ НАКАЗАНИЙ ПО ОРЕНБУРГСКОЙ ОБЛАСТИ""",5607013000,560701001,"ОБЩЕСТВО С ОГРАНИЧЕННОЙ ОТВЕТСТВЕННОСТЬЮ ""ЕВРОТОРГ""",5609095086,561201001,168,Т,Поставка пшеницы 3 класса мягких сортов,01.11.12.141,Зерно яровой мягкой пшеницы,929518.5,12393.58,75.0,http://clearspending.ru/contract/1560701300015000090
1222201315615000030,2015-04-29 00:00:00,594112.0,44,22,"ФЕДЕРАЛЬНОЕ КАЗЕННОЕ УЧРЕЖДЕНИЕ ""ИСПРАВИТЕЛЬНАЯ КОЛОНИЯ №3 УПРАВЛЕНИЯ ФЕДЕРАЛЬНОЙ СЛУЖБЫ ИСПОЛНЕНИЯ НАКАЗАНИЙ ПО АЛТАЙСКОМУ КРАЮ""",2222013156,222201001,"ОБЩЕСТВО С ОГРАНИЧЕННОЙ ОТВЕТСТВЕННОСТЬЮ ""АЛТАЙСКАЯ ЗЕРНОВАЯ КОМПАНИЯ""",2222830662,222201001,166,КГ,Пшеница 5 класса,01.11.12.141,Зерно яровой мягкой пшеницы,120000.0,12.0,10000.0,http://clearspending.ru/contract/1222201315615000030
2100400357215000232,2015-07-01 00:00:00,89598.56,44,10,"ГОСУДАРСТВЕННОЕ БЮДЖЕТНОЕ УЧРЕЖДЕНИЕ ЗДРАВООХРАНЕНИЯ РЕСПУБЛИКИ КАРЕЛИЯ  "" МЕЖРАЙОННАЯ БОЛЬНИЦА № 1""",1004003572,100401001,"ОБЩЕСТВО С ОГРАНИЧЕННОЙ ОТВЕТСТВЕННОСТЬЮ ""РАДУГА-7""",1001227380,100101001,166,КГ,крупа пшеничная,01.11.12.141,Зерно яровой мягкой пшеницы,5290.0,23.0,230.0,http://clearspending.ru/contract/2100400357215000232
1543811065515000060,2015-07-13 00:00:00,1050000.0,44,54,"ФЕДЕРАЛЬНОЕ КАЗЕННОЕ УЧРЕЖДЕНИЕ ""ИСПРАВИТЕЛЬНАЯ КОЛОНИЯ № 14 ГЛАВНОГО УПРАВЛЕНИЯ ФЕДЕРАЛЬНОЙ СЛУЖБЫ ИСПОЛНЕНИЯ НАКАЗАНИЙ ПО НОВОСИБИРСКОЙ ОБЛАСТИ""",5438110655,543801001,"Крестьянско-фермерское хозяйство ""Романтика""",5438101474,543801001,168,Т,"Зерно пшеницы ГОСТ Р 52554-2006, 5 класса",01.11.12.141,Зерно яровой мягкой пшеницы,1050000.0,10500.0,100.0,http://clearspending.ru/contract/1543811065515000060
2615403591015000010,2015-02-09 00:00:00,139363.95,44,61,"государственное казенное оздоровительное образовательное учреждение Ростовской области санаторного типа для детей, нуждающихся в длительном лечении, санаторная школа-интернат № 18 г. Таганрога",6154035910,615401001,ИП Сайдаметов Владислав Владимирович,612300129001,,166,КГ,"Пшеничная крупа св.ш., №2, №3, в ассортименте,  сухая, среднего помола, упругая,  светло-коричневого оттенка цвета. Фасовка 0,800. ГОСТ 276-60",01.11.12.141,Зерно яровой мягкой пшеницы,30.0,30.0,,http://clearspending.ru/contract/2615403591015000010
1210100346715000031,2015-07-13 00:00:00,120750.0,44,21,"ФЕДЕРАЛЬНОЕ КАЗЕННОЕ УЧРЕЖДЕНИЕ ""КОЛОНИЯ-ПОСЕЛЕНИЕ № 8 УПРАВЛЕНИЯ ФЕДЕРАЛЬНОЙ СЛУЖБЫ ИСПОЛНЕНИЯ НАКАЗАНИЙ ПО ЧУВАШСКОЙ РЕСПУБЛИКЕ - ЧУВАШИИ""",2101003467,210101001,"ОБЩЕСТВО С ОГРАНИЧЕННОЙ ОТВЕТСТВЕННОСТЬЮ ""РОССЫ - ПОРЕЧЬЕ""",2113003782,211301001,796,ШТ,пшеница продовольственная,01.11.12.141,Зерно яровой мягкой пшеницы,120750.0,11.5,10500.0,http://clearspending.ru/contract/1210100346715000031
1362701379815000048,2015-07-02 00:00:00,2200000.0,44,36,"ФЕДЕРАЛЬНОЕ КАЗЕННОЕ УЧРЕЖДЕНИЕ ""ИСПРАВИТЕЛЬНАЯ КОЛОНИЯ №8 УПРАВЛЕНИЯ ФЕДЕРАЛЬНОЙ СЛУЖБЫ ИСПОЛНЕНИЯ НАКАЗАНИЙ ПО ВОРОНЕЖСКОЙ ОБЛАСТИ""",3627013798,362701001,ИП Кравцов Константин Геннадьевич,362700131915,,168,Т,пшеница продовольственная мягких сортов не ниже 3 класса урожая 2014 года,01.11.12.141,Зерно яровой мягкой пшеницы,2200000.0,11000.0,200.0,http://clearspending.ru/contract/1362701379815000048
1720309609015000032,2015-04-09 00:00:00,9720000.0,44,72,"федеральное казенное учреждение ""Исправительная колония № 2 Управления Федеральной службы исполнения наказаний по Тюменской области""",7203096090,720301001,ИП Плетнев Евгений Юрьевич,771619652159,,166,КГ,Пшеница мягкая продовольственная 3 класса  ГОСТ Р 52554-2006,01.11.12.141,Зерно яровой мягкой пшеницы,6615000.0,13.5,490000.0,http://clearspending.ru/contract/1720309609015000032
1720309609015000071,2015-06-08 00:00:00,1552500.0,44,72,"федеральное казенное учреждение ""Исправительная колония № 2 Управления Федеральной службы исполнения наказаний по Тюменской области""",7203096090,720301001,ИП Плетнев Евгений Юрьевич,771619652159,,166,КГ,Пшеница мягкая продовольственная 3 класса  ГОСТ Р 52554-2006,01.11.12.141,Зерно яровой мягкой пшеницы,1552500.0,13.5,115000.0,http://clearspending.ru/contract/1720309609015000071
1026601453015000044,2015-07-07 00:00:00,1703500.0,44,02,"ФЕДЕРАЛЬНОЕ КАЗЕННОЕ УЧРЕЖДЕНИЕ ""ИСПРАВИТЕЛЬНАЯ КОЛОНИЯ № 2 УПРАВЛЕНИЯ ФЕДЕРАЛЬНОЙ СЛУЖБЫ ИСПОЛНЕНИЯ НАКАЗАНИЙ ПО РЕСПУБЛИКЕ БАШКОРТОСТАН""",0266014530,026601001,"ОБЩЕСТВО С ОГРАНИЧЕННОЙ ОТВЕТСТВЕННОСТЬЮ ""ТОРГОВЫЙ ДОМ ""ДАВЛЕКАНОВСКИЙ""",0259013381,025901001,168,Т,"Пшеница мягкая, 3 класса, урожай 2014, россыпь
ГОСТ Р 52554-2006",01.11.12.141,Зерно яровой мягкой пшеницы,645000.0,12900.0,50.0,http://clearspending.ru/contract/1026601453015000044
1026601453015000050,2015-08-18 00:00:00,2580000.0,44,02,"ФЕДЕРАЛЬНОЕ КАЗЕННОЕ УЧРЕЖДЕНИЕ ""ИСПРАВИТЕЛЬНАЯ КОЛОНИЯ № 2 УПРАВЛЕНИЯ ФЕДЕРАЛЬНОЙ СЛУЖБЫ ИСПОЛНЕНИЯ НАКАЗАНИЙ ПО РЕСПУБЛИКЕ БАШКОРТОСТАН""",0266014530,026601001,"ОБЩЕСТВО С ОГРАНИЧЕННОЙ ОТВЕТСТВЕННОСТЬЮ ""ТОРГОВЫЙ ДОМ ""ДАВЛЕКАНОВСКИЙ""",0259013381,025901001,168,Т,"Пшеница мягкая, 3 класса, урожай 2014, россыпь, в соответствии с ГОСТ Р 52554-2006.",01.11.12.141,Зерно яровой мягкой пшеницы,2580000.0,12900.0,200.0,http://clearspending.ru/contract/1026601453015000050
1753000805415000039,2015-08-18 00:00:00,56000.0,44,75,"ФЕДЕРАЛЬНОЕ КАЗЕННОЕ УЧРЕЖДЕНИЕ ""ИСПРАВИТЕЛЬНАЯ КОЛОНИЯ № 10 УПРАВЛЕНИЯ ФЕДЕРАЛЬНОЙ СЛУЖБЫ ИСПОЛНЕНИЯ НАКАЗАНИЙ ПО ЗАБАЙКАЛЬСКОМУ КРАЮ""",7530008054,753001001,Забайкальский аграрный институт - филиал ФГБОУ ВО Иркутский государственный аграрный университет имени А.А. Ежевского,3811024304,753702001,168,Т,"зерно-пшеницы ""Тритикале""",01.11.12.141,Зерно яровой мягкой пшеницы,56000.0,7000.0,8.0,http://clearspending.ru/contract/1753000805415000039
1720309609015000126,2015-08-31 00:00:00,161730.0,44,72,"федеральное казенное учреждение ""Исправительная колония № 2 Управления Федеральной службы исполнения наказаний по Тюменской области""",7203096090,720301001,"Общество с ограниченной ответственностью ""Тюменский Аграрный фонд""",7203289831,720301001,168,Т,Пшеница мягкая 3 класса  ГОСТ Р 52554-2006,01.11.12.141,Зерно яровой мягкой пшеницы,161730.0,13500.0,11.98,http://clearspending.ru/contract/1720309609015000126
1380105187715000151,2015-08-10 00:00:00,3870000.0,44,38,"ФЕДЕРАЛЬНОЕ КАЗЕННОЕ УЧРЕЖДЕНИЕ ""ИСПРАВИТЕЛЬНАЯ КОЛОНИЯ № 15 ГЛАВНОГО УПРАВЛЕНИЯ ФЕДЕРАЛЬНОЙ СЛУЖБЫ ИСПОЛНЕНИЯ НАКАЗАНИЙ ПО ИРКУТСКОЙ ОБЛАСТИ""",3801051877,380101001,"СЕЛЬСКОХОЗЯЙСТВЕННЫЙ КООПЕРАТИВ ""НИВА""",8503004038,850301001,166,КГ,зерно пшеницы,01.11.12.141,Зерно яровой мягкой пшеницы,3870000.0,12.0,322500.0,http://clearspending.ru/contract/1380105187715000151
1380105187715000152,2015-08-10 00:00:00,3600000.0,44,38,"ФЕДЕРАЛЬНОЕ КАЗЕННОЕ УЧРЕЖДЕНИЕ ""ИСПРАВИТЕЛЬНАЯ КОЛОНИЯ № 15 ГЛАВНОГО УПРАВЛЕНИЯ ФЕДЕРАЛЬНОЙ СЛУЖБЫ ИСПОЛНЕНИЯ НАКАЗАНИЙ ПО ИРКУТСКОЙ ОБЛАСТИ""",3801051877,380101001,"СЕЛЬСКОХОЗЯЙСТВЕННЫЙ КООПЕРАТИВ ""НИВА""",8503004038,850301001,166,КГ,зерно пшеницы,01.11.12.141,Зерно яровой мягкой пшеницы,3600000.0,12.0,300000.0,http://clearspending.ru/contract/1380105187715000152
1312600775415000055,2015-08-31 00:00:00,24000.0,44,31,"ФЕДЕРАЛЬНОЕ КАЗЕННОЕ УЧРЕЖДЕНИЕ ""ИСПРАВИТЕЛЬНАЯ КОЛОНИЯ № 6 УПРАВЛЕНИЯ ФЕДЕРАЛЬНОЙ СЛУЖБЫ ИСПОЛНЕНИЯ НАКАЗАНИЙ ПО БЕЛГОРОДСКОЙ ОБЛАСТИ""",3126007754,312601001,ИП Гладун Александр Иванович,312600004904,,166,КГ,Поставка пщеницы для корма птица,01.11.12.141,Зерно яровой мягкой пшеницы,24000.0,8.0,3000.0,http://clearspending.ru/contract/1312600775415000055
1312600775415000056,2015-08-31 00:00:00,24000.0,44,31,"ФЕДЕРАЛЬНОЕ КАЗЕННОЕ УЧРЕЖДЕНИЕ ""ИСПРАВИТЕЛЬНАЯ КОЛОНИЯ № 6 УПРАВЛЕНИЯ ФЕДЕРАЛЬНОЙ СЛУЖБЫ ИСПОЛНЕНИЯ НАКАЗАНИЙ ПО БЕЛГОРОДСКОЙ ОБЛАСТИ""",3126007754,312601001,Гладун Александр Иванович,312600004904,,166,КГ,Пшеница для корма птицы,01.11.12.141,Зерно яровой мягкой пшеницы,24000.0,8.0,3000.0,http://clearspending.ru/contract/1312600775415000056
1583401729715000022,2015-08-24 00:00:00,120000.0,44,58,"ФЕДЕРАЛЬНОЕ КАЗЕННОЕ УЧРЕЖДЕНИЕ ""ИСПРАВИТЕЛЬНАЯ КОЛОНИЯ № 8 УПРАВЛЕНИЯ ФЕДЕРАЛЬНОЙ СЛУЖБЫ ИСПОЛНЕНИЯ НАКАЗАНИЙ ПО ПЕНЗЕНСКОЙ ОБЛАСТИ""",5834017297,583401001,ИП ИП глава крестьянского (фермерского) хозяйства Долгов Александр Николаевич,580900961001,,166,КГ,Пшеница продовольственная,01.11.12.141,Зерно яровой мягкой пшеницы,120000.0,12.0,10000.0,http://clearspending.ru/contract/1583401729715000022
1235603754315000053,2015-08-05 00:00:00,362026.44,44,23,"федеральное казенное учреждение ""Исправительная колония № 2 Управления Федеральной службы исполнения наказаний по Краснодарскому краю""",2356037543,235601001,"ОБЩЕСТВО С ОГРАНИЧЕННОЙ ОТВЕТСТВЕННОСТЬЮ ""ТОРГОВАЯ КОМПАНИЯ ""ЮГ""",2311185598,230801001,166,КГ,Пшеница продовольственная 4-го класса.,01.11.12.141,Зерно яровой мягкой пшеницы,362026.44,10.58,34218.0,http://clearspending.ru/contract/1235603754315000053
1552801021415000058,2015-07-06 00:00:00,29532000.0,44,55,"ФЕДЕРАЛЬНОЕ КАЗЕННОЕ УЧРЕЖДЕНИЕ ""КОЛОНИЯ-ПОСЕЛЕНИЕ № 13 УПРАВЛЕНИЯ ФЕДЕРАЛЬНОЙ СЛУЖБЫ ИСПОЛНЕНИЯ НАКАЗАНИЙ ПО ОМСКОЙ ОБЛАСТИ""",5528010214,550601001,"""АлтайСервис""",2222785353,222201001,166,КГ,Пшеница 3 класса,01.11.12.141,Зерно яровой мягкой пшеницы,29532000.0,13.8,2140000.0,http://clearspending.ru/contract/1552801021415000058
1720309609015000114,2015-08-17 00:00:00,1620000.0,44,72,"федеральное казенное учреждение ""Исправительная колония № 2 Управления Федеральной службы исполнения наказаний по Тюменской области""",7203096090,720301001,"Общество с ограниченной ответственностью ""Тюменский Аграрный фонд""",7203289831,720301001,168,Т,Пшеница мягкая 3 класса  ГОСТ Р 52554-2006,01.11.12.141,Зерно яровой мягкой пшеницы,1620000.0,13500.0,120.0,http://clearspending.ru/contract/1720309609015000114
1026601453015000065,2015-09-28 00:00:00,3720000.0,44,02,"ФЕДЕРАЛЬНОЕ КАЗЕННОЕ УЧРЕЖДЕНИЕ ""ИСПРАВИТЕЛЬНАЯ КОЛОНИЯ № 2 УПРАВЛЕНИЯ ФЕДЕРАЛЬНОЙ СЛУЖБЫ ИСПОЛНЕНИЯ НАКАЗАНИЙ ПО РЕСПУБЛИКЕ БАШКОРТОСТАН""",0266014530,026601001,"ОБЩЕСТВО С ОГРАНИЧЕННОЙ ОТВЕТСТВЕННОСТЬЮ ""АГРОМАРКЕТ""",0259011867,025901001,168,Т,"Пшеница мягкая, 3 класса, урожай 2014, россыпь, в соответствии с ГОСТ Р 52554-2006",01.11.12.141,Зерно яровой мягкой пшеницы,3720000.0,12400.0,300.0,http://clearspending.ru/contract/1026601453015000065
1032310906915000099,2015-08-28 00:00:00,3900000.0,44,03,"ФЕДЕРАЛЬНОЕ КАЗЕННОЕ УЧРЕЖДЕНИЕ ""ИСПРАВИТЕЛЬНАЯ КОЛОНИЯ № 2 УПРАВЛЕНИЯ ФЕДЕРАЛЬНОЙ СЛУЖБЫ ИСПОЛНЕНИЯ НАКАЗАНИЙ ПО РЕСПУБЛИКЕ БУРЯТИЯ""",0323109069,032301001,"ОБЩЕСТВО С ОГРАНИЧЕННОЙ ОТВЕТСТВЕННОСТЬЮ ""ПРОДОВОЛЬСТВЕННАЯ ПЕРЕРАБАТЫВАЮЩАЯ КОМПАНИЯ""",0323387387,032301001,166,КГ,Пшеница мягкая продовольственная яровая краснозерная 3 класса,01.11.12.141,Зерно яровой мягкой пшеницы,3900000.0,13.0,300000.0,http://clearspending.ru/contract/1032310906915000099
1380105187715000184,2015-09-28 00:00:00,490600.0,44,38,"ФЕДЕРАЛЬНОЕ КАЗЕННОЕ УЧРЕЖДЕНИЕ ""ИСПРАВИТЕЛЬНАЯ КОЛОНИЯ № 15 ГЛАВНОГО УПРАВЛЕНИЯ ФЕДЕРАЛЬНОЙ СЛУЖБЫ ИСПОЛНЕНИЯ НАКАЗАНИЙ ПО ИРКУТСКОЙ ОБЛАСТИ""",3801051877,380101001,"Общество с ограниченной ответственностью ""Сибирская компания""",3810327056,381001001,166,КГ,зерно пшеницы,01.11.12.141,Зерно яровой мягкой пшеницы,490600.0,8.92,55000.0,http://clearspending.ru/contract/1380105187715000184
1583401729715000023,2015-09-08 00:00:00,480000.0,44,58,"ФЕДЕРАЛЬНОЕ КАЗЕННОЕ УЧРЕЖДЕНИЕ ""ИСПРАВИТЕЛЬНАЯ КОЛОНИЯ № 8 УПРАВЛЕНИЯ ФЕДЕРАЛЬНОЙ СЛУЖБЫ ИСПОЛНЕНИЯ НАКАЗАНИЙ ПО ПЕНЗЕНСКОЙ ОБЛАСТИ""",5834017297,583401001,"ОБЩЕСТВО С ОГРАНИЧЕННОЙ ОТВЕТСТВЕННОСТЬЮ ""АГРОСЕРВИС""",5823007145,582301001,166,КГ,Пшеница продовольственная,01.11.12.141,Зерно яровой мягкой пшеницы,480000.0,12.0,40000.0,http://clearspending.ru/contract/1583401729715000023
1543811065515000099,2015-09-28 00:00:00,296700.0,44,54,"ФЕДЕРАЛЬНОЕ КАЗЕННОЕ УЧРЕЖДЕНИЕ ""ИСПРАВИТЕЛЬНАЯ КОЛОНИЯ № 14 ГЛАВНОГО УПРАВЛЕНИЯ ФЕДЕРАЛЬНОЙ СЛУЖБЫ ИСПОЛНЕНИЯ НАКАЗАНИЙ ПО НОВОСИБИРСКОЙ ОБЛАСТИ""",5438110655,543801001,"Общество с ограниченной ответственностью Торговый Дом ""Лаорс""",5406323139,540601001,168,Т,"Зерно пшеницы ГОСТ Р 52554-2006, 3 класса",01.11.12.141,Зерно яровой мягкой пшеницы,296700.0,9890.0,30.0,http://clearspending.ru/contract/1543811065515000099
1543811065515000097,2015-09-28 00:00:00,446250.0,44,54,"ФЕДЕРАЛЬНОЕ КАЗЕННОЕ УЧРЕЖДЕНИЕ ""ИСПРАВИТЕЛЬНАЯ КОЛОНИЯ № 14 ГЛАВНОГО УПРАВЛЕНИЯ ФЕДЕРАЛЬНОЙ СЛУЖБЫ ИСПОЛНЕНИЯ НАКАЗАНИЙ ПО НОВОСИБИРСКОЙ ОБЛАСТИ""",5438110655,543801001,"Общество с ограниченной ответственностью Торговый Дом ""Лаорс""",5406323139,540601001,168,Т,"Зерно пшеницы ГОСТ Р 52554-2006    5 класса массовая доля влаги 
14 %",01.11.12.141,Зерно яровой мягкой пшеницы,446250.0,8925.0,50.0,http://clearspending.ru/contract/1543811065515000097
1561005988615000124,2015-09-28 00:00:00,1640540.25,44,56,"ФЕДЕРАЛЬНОЕ КАЗЕННОЕ УЧРЕЖДЕНИЕ ""ИСПРАВИТЕЛЬНАЯ КОЛОНИЯ № 8 УПРАВЛЕНИЯ ФЕДЕРАЛЬНОЙ СЛУЖБЫ ИСПОЛНЕНИЯ НАКАЗАНИЙ ПО ОРЕНБУРГСКОЙ ОБЛАСТИ""",5610059886,561001001,Общество с ограниченной ответственностью Эльба,5610134357,561001001,168,Т,пшеница 3 класса продовольственная ГОСТ Р 52554-2006,01.11.12.141,Зерно яровой мягкой пшеницы,1628821.46,11718.14,139.0,http://clearspending.ru/contract/1561005988615000124
1561005988615000124,2015-09-28 00:00:00,1640540.25,44,56,"ФЕДЕРАЛЬНОЕ КАЗЕННОЕ УЧРЕЖДЕНИЕ ""ИСПРАВИТЕЛЬНАЯ КОЛОНИЯ № 8 УПРАВЛЕНИЯ ФЕДЕРАЛЬНОЙ СЛУЖБЫ ИСПОЛНЕНИЯ НАКАЗАНИЙ ПО ОРЕНБУРГСКОЙ ОБЛАСТИ""",5610059886,561001001,Общество с ограниченной ответственностью Эльба,5610134357,561001001,168,Т,пшеница 3 класса продовольственная  ГОСТ Р 52554-2006,01.11.12.141,Зерно яровой мягкой пшеницы,11718.79,11718.79,1.0,http://clearspending.ru/contract/1561005988615000124
1583401729715000024,2015-09-08 00:00:00,537000.0,44,58,"ФЕДЕРАЛЬНОЕ КАЗЕННОЕ УЧРЕЖДЕНИЕ ""ИСПРАВИТЕЛЬНАЯ КОЛОНИЯ № 8 УПРАВЛЕНИЯ ФЕДЕРАЛЬНОЙ СЛУЖБЫ ИСПОЛНЕНИЯ НАКАЗАНИЙ ПО ПЕНЗЕНСКОЙ ОБЛАСТИ""",5834017297,583401001,"ОБЩЕСТВО С ОГРАНИЧЕННОЙ ОТВЕТСТВЕННОСТЬЮ ""АГРОСЕРВИС""",5823007145,582301001,166,КГ,Пшеница кормовая,01.11.12.141,Зерно яровой мягкой пшеницы,196000.0,9.8,20000.0,http://clearspending.ru/contract/1583401729715000024
1720309609015000132,2015-09-14 00:00:00,2469000.0,44,72,"федеральное казенное учреждение ""Исправительная колония № 2 Управления Федеральной службы исполнения наказаний по Тюменской области""",7203096090,720301001,"ОБЩЕСТВО С ОГРАНИЧЕННОЙ ОТВЕТСТВЕННОСТЬЮ ""АЛТАЙСЕРВИС""",2222785353,222201001,166,КГ,Рожь,01.11.12.141,Зерно яровой мягкой пшеницы,675000.0,13.5,50000.0,http://clearspending.ru/contract/1720309609015000132
1720309609015000132,2015-09-14 00:00:00,2469000.0,44,72,"федеральное казенное учреждение ""Исправительная колония № 2 Управления Федеральной службы исполнения наказаний по Тюменской области""",7203096090,720301001,"ОБЩЕСТВО С ОГРАНИЧЕННОЙ ОТВЕТСТВЕННОСТЬЮ ""АЛТАЙСЕРВИС""",2222785353,222201001,796,ШТ,пшеница,01.11.12.141,Зерно яровой мягкой пшеницы,1794000.0,13.8,130000.0,http://clearspending.ru/contract/1720309609015000132
2615403591015000015,2015-08-04 00:00:00,242120.79,44,61,"ГОСУДАРСТВЕННОЕ КАЗЕННОЕ ОЗДОРОВИТЕЛЬНОЕ ОБРАЗОВАТЕЛЬНОЕ УЧРЕЖДЕНИЕ РОСТОВСКОЙ ОБЛАСТИ САНАТОРНОГО ТИПА ДЛЯ ДЕТЕЙ, НУЖДАЮЩИХСЯ В ДЛИТЕЛЬНОМ ЛЕЧЕНИИ, САНАТОРНАЯ ШКОЛА-ИНТЕРНАТ № 18 Г. ТАГАНРОГА",6154035910,615401001,ИП Сайдаметов Владислав Владимирович,612300129001,,166,КГ,"Пшеничная крупа св.ш., №2, №3, в ассортименте,  сухая, среднего помола, упругая,  светло-коричневого оттенка цвета. Фасовка 0,800. ГОСТ 276-60",01.11.12.141,Зерно яровой мягкой пшеницы,1789.06,26.0,68.81,http://clearspending.ru/contract/2615403591015000015
1026601453015000066,2015-09-28 00:00:00,487500.0,44,02,"ФЕДЕРАЛЬНОЕ КАЗЕННОЕ УЧРЕЖДЕНИЕ ""ИСПРАВИТЕЛЬНАЯ КОЛОНИЯ № 2 УПРАВЛЕНИЯ ФЕДЕРАЛЬНОЙ СЛУЖБЫ ИСПОЛНЕНИЯ НАКАЗАНИЙ ПО РЕСПУБЛИКЕ БАШКОРТОСТАН""",0266014530,026601001,ИП КФХ Бурангулов Минулла Хайруллович,024201971066,,168,Т,"Пшеница 5 класса, урожай 2015 года, россыпь, в соответствии с  ГОСТ Р 52554-2006.",01.11.12.141,Зерно яровой мягкой пшеницы,46500.0,9300.0,5.0,http://clearspending.ru/contract/1026601453015000066
